registration_id,full_name,email,phone_no,password_hash,national_id,student_id,student_name,relationship_type,certificate_document_path,id_front_path,id_back_path,status,rejection_reason,correction_attempts,reviewed_by,reviewed_at,created_at
26,nestannet abera,webiikoo@gmail.com,+251991570466,$2a$10$j70C2EOTDI82gvAyvhtSEOELJqsRn5xIzMJaadyXiAK31CdMjpGBC,111111111111,94,Abebe Kebede,parent,uploads\documents\certificate-1780354650360-987587334.pdf,uploads\documents\idFront-1780354650619-29857515.pdf,uploads\documents\idBack-1780354651071-940427905.pdf,rejected,Auto-rejected duplicate approved registration by remediation script,2,2,Tue Jun 02 2026 02:12:20 GMT+0300 (East Africa Time),Tue Jun 02 2026 01:57:33 GMT+0300 (East Africa Time)
24,Betelihem Kumsa,naolabdisa496@gmail.com,0919785587,$2a$10$W.jpCXOqUusME8pi86MNPuE1FbhFnDZZtbgYuyjvz5rZhxffOO8f.,123456789124,94,Abebe Kebede,parent,uploads/documents/certificate-1780341199500-913698960.jpg,uploads/documents/idFront-1780341199530-771007317.jpg,uploads/documents/idBack-1780341199853-683226885.jpg,rejected,Auto-rejected duplicate approved registration by remediation script,2,2,Tue Jun 02 2026 02:12:20 GMT+0300 (East Africa Time),Mon Jun 01 2026 22:13:20 GMT+0300 (East Africa Time)
22,Kuma Kebede Soboka,kuma.kebede@coopbankoromiasc.com,0940043177,$2a$10$Dlv/hNKkHShnnNTqKKH0HeEIVdb2dsrfweemcpVLhwl5AcI3nASWu,677777,,Welebe Kebede ,parent,uploads/documents/certificate-1780297096174-309633553.jpg,uploads/documents/idFront-1780297101129-634524507.jpg,uploads/documents/idBack-1780297106833-644109283.jpg,rejected,this student already with registered with other parent,2,2,Mon Jun 01 2026 10:48:48 GMT+0300 (East Africa Time),Mon Jun 01 2026 09:58:34 GMT+0300 (East Africa Time)
21,abcd xyz,abcd@gmail.com,0912341234,$2a$10$23FnfglWM8.egmpdMQreK.yCeJbpltjchJd3.DmJW4GtqLXlVWEpS,67657656346,39,def ghi,parent,C:\Users\pc\Desktop\Flutter\Final-Year-Projecttttttt\backend\uploads\documents\cert_1780100338254_vjf759.jpg,C:\Users\pc\Desktop\Flutter\Final-Year-Projecttttttt\backend\uploads\documents\front_1780100338256_5vh7oc.jpg,C:\Users\pc\Desktop\Flutter\Final-Year-Projecttttttt\backend\uploads\documents\back_1780100338259_uv2xwx.jpg,approved,,2,2,Sat May 30 2026 03:20:07 GMT+0300 (East Africa Time),Sat May 30 2026 03:18:58 GMT+0300 (East Africa Time)
20,Yesuf Rehima,yesufrehima09@gmail.com,+251929757171,$2a$10$ooC.OEO1Q5wdzxAcxjmpr.EvfWC9BFrS22FDzSLludxARDiQYPZSC,223344556677,98,Mulugeta Alem,legal_guardian,uploads/documents/certificate-1780087304818-876607733.png,uploads/documents/idFront-1780087306278-352259754.png,uploads/documents/idBack-1780087306694-360043037.png,approved,,2,2,Sat May 30 2026 00:25:12 GMT+0300 (East Africa Time),Fri May 29 2026 23:41:47 GMT+0300 (East Africa Time)
18,abc xyz,abc@gmail.com,0923234545,$2a$10$08AIJRYBXAQYogzywqX7Fe5KAGXwXdTT6hCEdRyBCy.ZT4TZG8GhK,564756745056,,def ghi,parent,C:\Users\pc\Desktop\Flutter\Final-Year-Project\backend\uploads\documents\cert_1780005606987_1jrcvq.jpg,C:\Users\pc\Desktop\Flutter\Final-Year-Project\backend\uploads\documents\front_1780005606991_r6xx5g.jpg,C:\Users\pc\Desktop\Flutter\Final-Year-Project\backend\uploads\documents\back_1780005606992_t3xal2.jpg,rejected,not valid files,2,2,Fri May 29 2026 01:01:16 GMT+0300 (East Africa Time),Fri May 29 2026 01:00:07 GMT+0300 (East Africa Time)
17,Nk Des,nk@gmail.com,0912345678,$2a$10$XEaROwPGw.jnEDzvsix7/.BW7AyIsVUltlhIP3OwEILdpewKXuysa,345656767621,10,nkj jm,parent,C:\Users\pc\Desktop\Flutter\Final-Year-Project\backend\uploads\documents\cert_1779999416842_u4htb4.jpg,C:\Users\pc\Desktop\Flutter\Final-Year-Project\backend\uploads\documents\front_1779999416844_hpvbiy.jpg,C:\Users\pc\Desktop\Flutter\Final-Year-Project\backend\uploads\documents\back_1779999416847_qjookj.jpg,approved,,2,2,Fri May 29 2026 00:22:40 GMT+0300 (East Africa Time),Thu May 28 2026 23:16:56 GMT+0300 (East Africa Time)
15,Rehima Yesuf,rehimayesuf09@gmail.com,+251904196145,$2a$10$kYSNtSbX1v9SlWVxTb7sxeAHBNX5y5VdxA6ShVQR1ydX61G3nk/yC,222233334444,109,Haile Yesuf,legal_guardian,uploads/documents/certificate-1779990910406-685568928.png,uploads/documents/idFront-1779990911558-850351494.png,uploads/documents/idBack-1779990912419-542123078.png,approved,,2,2,Thu May 28 2026 21:01:18 GMT+0300 (East Africa Time),Thu May 28 2026 20:55:14 GMT+0300 (East Africa Time)
13,lidya kassa,lidyakassa713@gmail.com,+251991567080,$2a$10$0KSl5oprnfR47rjesxWEoeiJUdXLIBXtJvam5bjJSkA0w0qja7z3q,345678900,102,Kebede Samuel,parent,uploads\documents\certificate-1779863662363-749411906.pdf,uploads\documents\idFront-1779863662716-487243348.pdf,uploads\documents\idBack-1779863663096-570246258.pdf,approved,,2,2,Wed May 27 2026 09:36:17 GMT+0300 (East Africa Time),Wed May 27 2026 09:34:24 GMT+0300 (East Africa Time)
12,welebkoo,kumaakebede@gmail.com,+251991570499,$2a$12$Wew6bL1To7okq0/q9rvQ1eHaaU9Zsij.ixqojAeq9E8OXdqOYYyXW,123000999999,95,nikat desta,parent,uploads\documents\certificate-1779806961727-926940247.pdf,uploads\documents\idFront-1779806963073-20718088.pdf,uploads\documents\idBack-1779806963258-480443069.pdf,approved,,2,2,Tue May 26 2026 17:56:07 GMT+0300 (East Africa Time),Tue May 26 2026 17:49:26 GMT+0300 (East Africa Time)
11,melat abera,melatabera0476@gmail.com,+251991570475,$2a$10$V.DsR1jx9e/8E5Rtn/DCperGHCLTYw0kaH9EyLrh48XxbrpX1pWK6,88888882346,94,Abebe Kebede,parent,uploads\documents\certificate-1779800435731-54622493.pdf,uploads\documents\idFront-1779800436077-235214994.pdf,uploads\documents\idBack-1779800436460-276066359.pdf,approved,,2,2,Tue May 26 2026 16:01:40 GMT+0300 (East Africa Time),Tue May 26 2026 16:00:38 GMT+0300 (East Africa Time)
10,nikat desta,nkatdesta24@gmail.com,+251922345678,$2a$10$ChMG/MeU3DiEH7bJk6pTr.3RiL./abFivtG3TiT7FyFgpqyeUE8xK,888888888888888,93,mekdi deriba,parent,uploads\documents\certificate-1779797115486-539824617.pdf,uploads\documents\idFront-1779797115585-455489423.pdf,uploads\documents\idBack-1779797115586-167539457.pdf,approved,,2,2,Tue May 26 2026 15:10:24 GMT+0300 (East Africa Time),Tue May 26 2026 15:05:17 GMT+0300 (East Africa Time)
9,soreti kebede soboka,mekdideriba3@gmail.com,+251954860760,$2a$10$oZzs8Mm68nrOlSQf.MEE9O8qmjpIOb07Oai5dZJ0QRrz5tMGDtDMy,444444444444,92,welebe kebede,parent,uploads\documents\certificate-1779393274633-92877133.pdf,uploads\documents\idFront-1779393274867-811809345.pdf,uploads\documents\idBack-1779393275331-722655341.pdf,approved,,2,2,Thu May 28 2026 14:14:01 GMT+0300 (East Africa Time),Thu May 21 2026 22:54:41 GMT+0300 (East Africa Time)
8,KEBEDE SOBOKA,kebede@gmail.com,+251991570477,$2a$10$9I0iPfpZHL.rMAHLFrZ98.k3pxJEHCr/Wm13rx4aSnGsKW7JsjJAy,11111111111,,Sara Solomon,legal_guardian,uploads\documents\certificate-1777747719441-587545604.pdf,uploads\documents\idFront-1777747719674-154945559.pdf,uploads\documents\idBack-1777747719781-459330412.pdf,approved,Orphan student_id cleared by remediation script,2,2,Sat May 02 2026 21:49:56 GMT+0300 (East Africa Time),Sat May 02 2026 21:48:42 GMT+0300 (East Africa Time)
6,Test User,dup@abc.com,+111,hash,111,,Sara Solomon,parent,a,b,c,approved,Orphan student_id cleared by remediation script,2,2,Sun May 10 2026 12:14:09 GMT+0300 (East Africa Time),Sat May 02 2026 21:43:20 GMT+0300 (East Africa Time)
5,Test User,test1777747352593@abc.com,+251911223344,hash,12345678,,Sara Solomon,parent,uploads/docs/cert.pdf,uploads/docs/front.jpg,uploads/docs/back.jpg,approved,Orphan student_id cleared by remediation script,2,2,Thu May 28 2026 14:48:18 GMT+0300 (East Africa Time),Sat May 02 2026 21:42:32 GMT+0300 (East Africa Time)
